id,first_name,last_name,email,gender,ip_address,Boolean
1,Tiff,Penney,tpenney0@reference.com,Female,116.97.85.221,TRUE
2,Heinrick,Weildish,hweildish1@netscape.com,Male,168.3.202.40,FALSE
3,Farrell,Gouda,fgouda2@freewebs.com,Male,15.223.204.61,FALSE
4,Cris,Drinkhall,cdrinkhall3@bloglovin.com,Female,90.108.78.226,TRUE
5,Cassie,Matuszyk,cmatuszyk4@w3.org,Female,79.139.105.216,TRUE
6,Allyson,Franzetti,afranzetti5@forbes.com,Female,17.29.70.60,FALSE
7,Moe,Blackstone,mblackstone6@constantcontact.com,Male,114.65.146.231,FALSE
8,Jamaal,Craft,jcraft7@mysql.com,Male,134.37.58.247,FALSE
9,Guthry,Methringham,gmethringham8@accuweather.com,Male,91.242.186.241,FALSE
10,Elysee,Kaplan,ekaplan9@sohu.com,Female,212.149.181.58,TRUE
11,Fulton,Berryann,fberryanna@sphinn.com,Male,58.36.111.149,FALSE
12,Archie,Bonnaire,abonnaireb@samsung.com,Male,70.160.128.223,TRUE
13,Gregg,Bethell,gbethellc@csmonitor.com,Male,219.240.46.31,FALSE
14,Gardy,Grutchfield,ggrutchfieldd@about.me,Male,255.45.44.95,FALSE
15,Chiquita,Gaucher,cgauchere@phpbb.com,Female,228.125.176.23,TRUE
16,Ulla,Birchwood,ubirchwoodf@exblog.jp,Female,67.44.181.175,TRUE
17,Emanuel,Girodier,egirodierg@blogs.com,Male,149.159.233.71,TRUE
18,Elvina,Crosswaite,ecrosswaiteh@booking.com,Female,73.54.149.5,TRUE
19,Colin,Stickler,cstickleri@over-blog.com,Male,151.60.54.190,TRUE
20,Terry,Scotchbrook,tscotchbrookj@exblog.jp,Female,9.136.195.214,TRUE
21,Alexa,Saul,asaulk@time.com,Female,114.19.251.183,FALSE
22,Farley,Caveney,fcaveneyl@cnn.com,Male,127.154.181.16,FALSE
23,Hildegaard,Rosini,hrosinim@soup.io,Female,135.163.95.33,TRUE
24,Mufi,Andric,mandricn@mediafire.com,Female,205.99.140.40,FALSE
25,Durward,Havick,dhavicko@go.com,Male,86.177.191.45,FALSE
26,Brod,Portchmouth,bportchmouthp@symantec.com,Male,248.144.207.79,FALSE
27,Dix,Maxweell,dmaxweellq@craigslist.org,Female,26.176.157.4,FALSE
28,Katey,Geratt,kgerattr@dailymail.co.uk,Female,216.113.175.215,FALSE
29,Christal,Rushmer,crushmers@fda.gov,Female,32.201.136.40,TRUE
30,Caddric,Ornells,cornellst@is.gd,Male,189.186.116.252,TRUE
31,Vachel,Lorans,vloransu@liveinternet.ru,Male,158.11.249.197,FALSE
32,Roy,McAvaddy,rmcavaddyv@wikipedia.org,Male,50.15.157.171,FALSE
33,Hector,Kopfen,hkopfenw@google.com.au,Male,23.185.198.187,FALSE
34,Town,Simnel,tsimnelx@freewebs.com,Male,141.158.57.83,TRUE
35,Rubi,Passey,rpasseyy@webeden.co.uk,Female,108.5.68.14,TRUE
36,Simon,Shuker,sshukerz@ning.com,Male,90.221.153.24,TRUE
37,Micaela,Regler,mregler10@si.edu,Female,95.35.87.41,TRUE
38,Ruddy,Greenside,rgreenside11@chronoengine.com,Male,0.59.53.211,TRUE
39,Fons,Keelan,fkeelan12@example.com,Male,252.72.58.0,FALSE
40,Carola,Cutsforth,ccutsforth13@whitehouse.gov,Female,109.12.231.91,TRUE
41,Issy,Oakman,ioakman14@loc.gov,Female,141.242.246.180,FALSE
42,Andros,Marquez,amarquez15@hc360.com,Male,176.71.155.181,FALSE
43,Irving,Trapp,itrapp16@slashdot.org,Male,254.229.190.231,TRUE
44,Rudolfo,Wardhough,rwardhough17@hhs.gov,Male,240.209.77.78,FALSE
45,Ira,Coo,icoo18@usa.gov,Male,175.88.198.33,FALSE
46,Cherida,Zaple,czaple19@theglobeandmail.com,Female,114.164.177.212,FALSE
47,Clio,Simmins,csimmins1a@people.com.cn,Female,247.99.131.71,TRUE
48,Weidar,McHale,wmchale1b@sogou.com,Male,82.87.52.228,FALSE
49,Tarrah,Havill,thavill1c@digg.com,Female,147.21.211.61,TRUE
50,Bryna,Dmitrienko,bdmitrienko1d@angelfire.com,Female,251.63.26.174,FALSE
51,Whitby,Drever,wdrever1e@last.fm,Male,113.141.15.54,TRUE
52,Ginni,Letts,gletts1f@bing.com,Female,168.231.146.122,FALSE
53,Cad,Wiskar,cwiskar1g@webs.com,Male,254.166.0.129,TRUE
54,Natty,Priest,npriest1h@amazon.com,Male,41.113.29.115,FALSE
55,Matthieu,Cornehl,mcornehl1i@businessweek.com,Male,216.218.36.43,TRUE
56,Denise,Stowell,dstowell1j@xrea.com,Female,141.150.246.50,TRUE
57,Rhona,Found,rfound1k@virginia.edu,Female,207.57.176.177,FALSE
58,Kora,Frankema,kfrankema1l@homestead.com,Female,175.90.43.203,TRUE
59,Luigi,Dyke,ldyke1m@ehow.com,Male,211.4.248.5,FALSE
60,Tildie,Rawlence,trawlence1n@squidoo.com,Female,249.66.82.243,TRUE
61,Gilberto,Katte,gkatte1o@utexas.edu,Male,213.23.1.116,TRUE
62,Barry,Berdale,bberdale1p@123-reg.co.uk,Female,138.52.201.35,FALSE
63,Gibbie,Noblett,gnoblett1q@github.io,Male,153.190.166.198,FALSE
64,Fredi,Battison,fbattison1r@accuweather.com,Female,207.55.41.246,FALSE
65,Orion,Jendrassik,ojendrassik1s@ovh.net,Male,252.254.169.225,TRUE
66,Dolph,Kretschmer,dkretschmer1t@123-reg.co.uk,Male,17.85.130.202,TRUE
67,Lukas,MacCurley,lmaccurley1u@spotify.com,Male,175.130.42.178,TRUE
68,Whitman,Shortan,wshortan1v@ustream.tv,Male,208.176.110.12,FALSE
69,Astra,Pallaske,apallaske1w@gravatar.com,Female,80.143.34.124,TRUE
70,Pattie,Jefferys,pjefferys1x@jimdo.com,Female,77.189.32.22,TRUE
71,Chris,Gabitis,cgabitis1y@diigo.com,Male,15.174.207.125,FALSE
72,Luci,Wickett,lwickett1z@vk.com,Female,91.92.71.132,TRUE
73,Corny,Humbell,chumbell20@amazon.de,Female,251.108.165.16,FALSE
74,Reg,Brunskill,rbrunskill21@washington.edu,Male,184.173.44.191,TRUE
75,Lotti,Briant,lbriant22@skype.com,Female,101.36.195.100,FALSE
76,Josefa,Dmitrienko,jdmitrienko23@csmonitor.com,Female,113.253.74.118,FALSE
77,Britt,Kennsley,bkennsley24@bravesites.com,Female,49.247.158.69,TRUE
78,Alvis,Loxley,aloxley25@topsy.com,Male,70.100.9.98,TRUE
79,Cullan,Dacca,cdacca26@edublogs.org,Male,43.23.240.220,TRUE
80,Teodoor,Vankeev,tvankeev27@state.gov,Male,104.58.234.64,FALSE
81,Hirsch,Corteis,hcorteis28@live.com,Male,192.118.120.243,FALSE
82,Cordie,Sarten,csarten29@woothemes.com,Male,77.198.7.82,TRUE
83,Aleece,Greaser,agreaser2a@washingtonpost.com,Female,159.225.126.184,FALSE
84,Gibby,Duligal,gduligal2b@g.co,Male,165.75.84.195,FALSE
85,Dulce,Minerdo,dminerdo2c@wunderground.com,Female,134.200.121.58,FALSE
86,Reider,Davitashvili,rdavitashvili2d@cdc.gov,Male,185.182.238.255,FALSE
87,Chrissie,Jacombs,cjacombs2e@ucoz.ru,Male,80.144.230.95,TRUE
88,Sisile,Le Barr,slebarr2f@unblog.fr,Female,133.19.85.194,TRUE
89,Delly,Banes,dbanes2g@nps.gov,Female,232.98.72.213,TRUE
90,Knox,MacGeffen,kmacgeffen2h@indiegogo.com,Male,32.1.88.245,FALSE
91,Caz,Welds,cwelds2i@howstuffworks.com,Male,85.84.188.43,FALSE
92,Bryan,Tomek,btomek2j@chicagotribune.com,Male,129.92.183.246,FALSE
93,Lynde,Dives,ldives2k@networkadvertising.org,Female,180.75.235.11,FALSE
94,Enrique,Sher,esher2l@blinklist.com,Male,86.2.234.211,FALSE
95,Crissie,Senecaux,csenecaux2m@dell.com,Female,20.191.124.249,FALSE
96,Estevan,Ormston,eormston2n@economist.com,Male,182.170.159.97,FALSE
97,Carly,Kidd,ckidd2o@example.com,Male,88.217.119.4,TRUE
98,Armand,Imore,aimore2p@jigsy.com,Male,129.27.84.184,FALSE
99,Angy,Yakunkin,ayakunkin2q@microsoft.com,Female,224.193.78.145,TRUE
100,Linda,Jedrzejewsky,ljedrzejewsky2r@mtv.com,Female,54.128.25.96,TRUE
101,Bronnie,Lillecrop,blillecrop2s@cbslocal.com,Male,151.219.245.99,FALSE
102,Harlene,Florence,hflorence2t@arstechnica.com,Female,13.126.231.249,TRUE
103,Leticia,Breacher,lbreacher2u@wunderground.com,Female,188.25.27.249,TRUE
104,Jamaal,Renowden,jrenowden2v@canalblog.com,Male,174.14.57.21,FALSE
105,Cosmo,Passmore,cpassmore2w@google.nl,Male,144.124.64.252,TRUE
106,Clemmie,Fazzioli,cfazzioli2x@tiny.cc,Male,200.163.158.201,FALSE
107,Crichton,Northway,cnorthway2y@goodreads.com,Male,55.122.175.26,TRUE
108,Sasha,Dovidian,sdovidian2z@columbia.edu,Male,168.106.118.52,TRUE
109,Inglis,Blackman,iblackman30@nationalgeographic.com,Male,115.52.146.69,FALSE
110,Dane,McCaffery,dmccaffery31@google.cn,Male,41.26.137.221,TRUE
111,Adan,Badsworth,abadsworth32@com.com,Female,109.62.186.102,FALSE
112,Auria,Grunnill,agrunnill33@eepurl.com,Female,220.200.253.226,TRUE
113,Moises,Roseburgh,mroseburgh34@imageshack.us,Male,26.182.252.18,TRUE
114,Titos,Akester,takester35@acquirethisname.com,Male,86.17.78.182,FALSE
115,Ruddie,Neligan,rneligan36@bigcartel.com,Male,134.211.213.97,TRUE
116,Amerigo,Lokier,alokier37@rakuten.co.jp,Male,236.76.19.4,FALSE
117,Thelma,Goodsir,tgoodsir38@feedburner.com,Female,12.252.72.178,TRUE
118,Georgina,Wookey,gwookey39@discuz.net,Female,200.243.152.213,FALSE
119,Jodi,Deabill,jdeabill3a@vimeo.com,Male,96.157.94.201,TRUE
120,Sara-ann,Briddock,sbriddock3b@blogger.com,Female,13.181.135.69,FALSE
121,Kirstyn,Geyton,kgeyton3c@blogspot.com,Female,242.195.206.10,FALSE
122,Aeriel,Assante,aassante3d@hugedomains.com,Female,28.7.242.34,TRUE
123,Gan,Giovannelli,ggiovannelli3e@mysql.com,Male,66.66.212.150,FALSE
124,Selma,O' Scallan,soscallan3f@shinystat.com,Female,39.172.37.198,TRUE
125,Trip,Colclough,tcolclough3g@edublogs.org,Male,208.119.120.142,FALSE
126,Jammie,Shaxby,jshaxby3h@illinois.edu,Female,42.233.92.191,FALSE
127,Homerus,Howton,hhowton3i@comcast.net,Male,59.62.175.77,TRUE
128,Mina,Tull,mtull3j@webnode.com,Female,53.158.204.129,FALSE
129,Moss,McGillivray,mmcgillivray3k@studiopress.com,Male,82.143.118.151,TRUE
130,Mickie,Backshall,mbackshall3l@msu.edu,Male,216.108.29.79,TRUE
131,Rhianon,Exelby,rexelby3m@time.com,Female,94.250.104.192,FALSE
132,Daisie,Waggett,dwaggett3n@php.net,Female,147.6.192.214,FALSE
133,Elmore,Enion,eenion3o@cbslocal.com,Male,152.201.250.187,TRUE
134,Thaddus,Willis,twillis3p@dedecms.com,Male,125.102.239.253,TRUE
135,Penni,Edgerley,pedgerley3q@twitpic.com,Female,71.201.107.137,TRUE
136,Rasia,Buick,rbuick3r@zimbio.com,Female,107.182.37.141,FALSE
137,Eliza,Biesterfeld,ebiesterfeld3s@chronoengine.com,Female,25.252.192.18,FALSE
138,Ramonda,Rossiter,rrossiter3t@meetup.com,Female,186.245.221.157,FALSE
139,Tabitha,Ditchett,tditchett3u@over-blog.com,Female,69.126.168.221,FALSE
140,Myrwyn,Doles,mdoles3v@sourceforge.net,Male,129.101.223.210,FALSE
141,Eveleen,Hemmingway,ehemmingway3w@cloudflare.com,Female,45.178.224.118,FALSE
142,Roselia,Wolfendell,rwolfendell3x@taobao.com,Female,209.51.67.196,FALSE
143,Margy,Metzke,mmetzke3y@mayoclinic.com,Female,80.11.254.206,TRUE
144,Cordell,Tolcharde,ctolcharde3z@nature.com,Male,215.145.255.65,FALSE
145,Vernon,Fetters,vfetters40@admin.ch,Male,54.160.41.30,FALSE
146,Miof mela,Spellicy,mspellicy41@apache.org,Female,222.54.160.209,FALSE
147,Maddie,Mewburn,mmewburn42@intel.com,Female,217.156.213.210,TRUE
148,Theodosia,Pauncefort,tpauncefort43@dailymotion.com,Female,207.119.136.241,FALSE
149,Lee,Petherick,lpetherick44@pen.io,Male,43.133.5.89,TRUE
150,Dorothy,Amesbury,damesbury45@tamu.edu,Female,83.153.17.170,TRUE
151,Mackenzie,Keal,mkeal46@walmart.com,Male,183.61.151.32,TRUE
152,Lyndsey,Rubenczyk,lrubenczyk47@china.com.cn,Female,151.248.33.250,FALSE
153,Persis,Mapplebeck,pmapplebeck48@moonfruit.com,Female,249.124.172.77,TRUE
154,Caryl,Chesterman,cchesterman49@chicagotribune.com,Female,125.246.245.221,TRUE
155,Drucy,Amberson,damberson4a@google.pl,Female,210.110.196.208,FALSE
156,Hunfredo,Hunnisett,hhunnisett4b@miitbeian.gov.cn,Male,177.24.144.180,FALSE
157,Ingamar,Wimpress,iwimpress4c@cloudflare.com,Male,162.54.237.7,TRUE
158,Josee,Temperton,jtemperton4d@stanford.edu,Female,156.29.76.83,FALSE
159,Krishnah,Horsfield,khorsfield4e@sogou.com,Male,164.221.202.34,FALSE
160,Janeta,Jakubowsky,jjakubowsky4f@phpbb.com,Female,58.58.40.158,FALSE
161,Armin,Balleine,aballeine4g@macromedia.com,Male,151.18.7.122,FALSE
162,Massimo,Yateman,myateman4h@china.com.cn,Male,139.124.195.255,TRUE
163,Broddy,Ruffell,bruffell4i@shop-pro.jp,Male,146.74.105.66,FALSE
164,Marcile,Pamment,mpamment4j@seesaa.net,Female,171.221.211.197,TRUE
165,Maddie,MacKaig,mmackaig4k@mac.com,Female,69.158.52.47,TRUE
166,Marcos,Guyon,mguyon4l@soup.io,Male,149.119.42.153,TRUE
167,George,Riccard,griccard4m@dedecms.com,Male,42.225.159.129,FALSE
168,Pammi,Czajka,pczajka4n@domainmarket.com,Female,27.117.248.223,TRUE
169,Mariquilla,Limbourne,mlimbourne4o@usa.gov,Female,85.71.63.115,FALSE
170,Rowe,Grelik,rgrelik4p@nydailynews.com,Female,28.15.35.59,TRUE
171,Caddric,Vasilmanov,cvasilmanov4q@un.org,Male,10.245.124.31,TRUE
172,Karon,Smaling,ksmaling4r@scribd.com,Female,150.72.241.44,FALSE
173,Emmy,Suttie,esuttie4s@sciencedaily.com,Female,210.136.201.148,TRUE
174,Kassie,Geerling,kgeerling4t@patch.com,Female,187.175.162.237,TRUE
175,Mareah,Ivanilov,mivanilov4u@bbc.co.uk,Female,88.138.224.27,TRUE
176,Winnie,Repp,wrepp4v@nhs.uk,Male,32.187.212.235,TRUE
177,Rustin,Malin,rmalin4w@digg.com,Male,43.178.18.129,TRUE
178,Eberto,Lacheze,elacheze4x@alibaba.com,Male,241.60.54.79,TRUE
179,Ashlee,Vasentsov,avasentsov4y@digg.com,Female,103.154.230.182,TRUE
180,Salmon,Briston,sbriston4z@princeton.edu,Male,78.13.95.96,FALSE
181,Dahlia,Beausang,dbeausang50@army.mil,Female,75.177.215.39,TRUE
182,Luciano,Danby,ldanby51@tinypic.com,Male,221.47.166.252,FALSE
183,Godwin,Scripture,gscripture52@psu.edu,Male,69.96.114.67,TRUE
184,Filbert,Swarbrick,fswarbrick53@photobucket.com,Male,177.36.227.180,FALSE
185,Sonny,Fawloe,sfawloe54@simplemachines.org,Male,91.168.2.44,FALSE
186,Salvador,MacLucais,smaclucais55@myspace.com,Male,143.44.146.201,TRUE
187,Karlik,Garlant,kgarlant56@china.com.cn,Male,200.140.41.98,TRUE
188,Bebe,Trainer,btrainer57@pagesperso-orange.fr,Female,36.179.77.169,TRUE
189,Kikelia,Diment,kdiment58@foxnews.com,Female,167.57.88.58,FALSE
190,Augie,Clayworth,aclayworth59@altervista.org,Male,190.158.189.191,FALSE
191,Pate,Schwaiger,pschwaiger5a@4shared.com,Male,70.171.30.245,FALSE
192,Raddie,Lorentzen,rlorentzen5b@t-online.de,Male,35.140.85.14,TRUE
193,Kimball,Tourle,ktourle5c@joomla.org,Male,246.96.225.18,TRUE
194,Dasie,Kloska,dkloska5d@rakuten.co.jp,Female,163.48.222.90,TRUE
195,Phillipe,Davidou,pdavidou5e@dagondesign.com,Male,189.229.250.40,TRUE
196,Sibley,Noyes,snoyes5f@cnbc.com,Female,30.81.136.227,TRUE
197,Antonina,Elliott,aelliott5g@yellowbook.com,Female,249.158.0.205,TRUE
198,Angelo,Manvelle,amanvelle5h@mtv.com,Male,103.92.233.55,FALSE
199,Bruce,Daventry,bdaventry5i@va.gov,Male,193.132.90.188,FALSE
200,Paolina,Shore,pshore5j@taobao.com,Female,4.36.193.255,TRUE
201,Dione,Birdwhistle,dbirdwhistle5k@seattletimes.com,Female,15.6.226.129,FALSE
202,Diann,Creus,dcreus5l@wp.com,Female,50.44.132.222,TRUE
203,Martha,Coode,mcoode5m@fastcompany.com,Female,226.15.17.7,FALSE
204,Kleon,Frugier,kfrugier5n@state.tx.us,Male,101.20.176.93,FALSE
205,Elliott,McCorley,emccorley5o@goo.gl,Male,116.16.163.128,TRUE
206,Alfonse,Olney,aolney5p@theglobeandmail.com,Male,28.23.201.127,TRUE
207,Avictor,Stokell,astokell5q@dot.gov,Male,145.24.145.252,TRUE
208,Penelope,Gillbard,pgillbard5r@liveinternet.ru,Female,247.204.30.197,TRUE
209,Farra,Mays,fmays5s@google.ru,Female,188.247.146.42,TRUE
210,Stacee,Simpkin,ssimpkin5t@sina.com.cn,Female,149.10.112.59,FALSE
211,Easter,Scawn,escawn5u@godaddy.com,Female,155.76.23.27,FALSE
212,Elyssa,Blumire,eblumire5v@furl.net,Female,14.221.139.10,TRUE
213,Jakob,Vanyarkin,jvanyarkin5w@yahoo.co.jp,Male,234.97.169.159,FALSE
214,Codie,Wink,cwink5x@godaddy.com,Male,198.124.14.208,TRUE
215,Guilbert,Philips,gphilips5y@examiner.com,Male,66.139.115.28,FALSE
216,Tiphani,Bardill,tbardill5z@csmonitor.com,Female,197.19.142.14,FALSE
217,Piper,Cufflin,pcufflin60@4shared.com,Female,251.252.196.233,FALSE
218,Chiarra,Camps,ccamps61@gov.uk,Female,249.206.188.24,TRUE
219,Ashlen,Inchbald,ainchbald62@unblog.fr,Female,112.237.126.144,FALSE
220,Abbie,Addy,aaddy63@princeton.edu,Female,121.235.53.172,FALSE
221,Benjy,MacConnechie,bmacconnechie64@stumbleupon.com,Male,80.74.87.105,TRUE
222,Bing,Guerry,bguerry65@nbcnews.com,Male,122.213.241.249,TRUE
223,Caspar,Warland,cwarland66@amazon.co.jp,Male,80.15.177.143,TRUE
224,Dion,Boodle,dboodle67@pbs.org,Male,252.71.150.188,TRUE
225,Jeanna,Proctor,jproctor68@issuu.com,Female,54.185.232.120,TRUE
226,Jewelle,Bryde,jbryde69@nps.gov,Female,62.206.202.226,FALSE
227,Ashla,Dahle,adahle6a@aboutads.info,Female,32.34.49.254,TRUE
228,Alessandra,Bennike,abennike6b@merriam-webster.com,Female,63.157.181.8,FALSE
229,Constantino,Liebmann,cliebmann6c@squarespace.com,Male,14.76.79.210,TRUE
230,Eadie,Bullon,ebullon6d@hibu.com,Female,51.206.232.129,FALSE
231,Maynard,Twinbrow,mtwinbrow6e@census.gov,Male,25.152.47.113,TRUE
232,Trevor,Lytton,tlytton6f@123-reg.co.uk,Male,108.62.106.53,FALSE
233,Shelley,Dingsdale,sdingsdale6g@unicef.org,Male,127.49.200.9,FALSE
234,Leela,Corradeschi,lcorradeschi6h@theguardian.com,Female,208.23.228.85,TRUE
235,Minta,Latek,mlatek6i@mac.com,Female,211.249.146.49,TRUE
236,Abbott,Carse,acarse6j@sohu.com,Male,4.2.93.33,TRUE
237,Ingrim,Huskisson,ihuskisson6k@mail.ru,Male,179.105.49.95,FALSE
238,Heywood,Edgington,hedgington6l@nbcnews.com,Male,188.68.130.6,FALSE
239,Gale,Esslement,gesslement6m@umn.edu,Male,226.89.244.93,TRUE
240,Briant,Deave,bdeave6n@fema.gov,Male,114.22.50.207,FALSE
241,Lawry,Yeandel,lyeandel6o@newsvine.com,Male,179.46.106.190,FALSE
242,Mandie,Minillo,mminillo6p@slate.com,Female,145.33.82.197,TRUE
243,Bernadene,Harkins,bharkins6q@themeforest.net,Female,243.251.33.210,TRUE
244,Zitella,Perez,zperez6r@jalbum.net,Female,191.134.221.32,FALSE
245,Bettine,Arias,barias6s@wsj.com,Female,139.175.254.245,TRUE
246,Abramo,Emlin,aemlin6t@harvard.edu,Male,99.192.202.233,FALSE
247,Teddy,Thaxter,tthaxter6u@smh.com.au,Female,58.102.228.212,FALSE
248,Marys,McGauhy,mmcgauhy6v@eventbrite.com,Female,1.73.225.224,TRUE
249,Frasier,Kloser,fkloser6w@eventbrite.com,Male,48.181.145.49,FALSE
250,Derby,Passmore,dpassmore6x@eepurl.com,Male,186.79.176.241,FALSE
251,Franciska,Claworth,fclaworth6y@gravatar.com,Female,69.26.78.134,TRUE
252,Anatole,de Verson,adeverson6z@senate.gov,Male,168.114.22.194,FALSE
253,Crystal,Hobbert,chobbert70@de.vu,Female,120.169.180.199,TRUE
254,Hyman,Kelbie,hkelbie71@newyorker.com,Male,148.62.211.205,FALSE
255,Moina,Kanter,mkanter72@dailymotion.com,Female,164.43.115.185,TRUE
256,Haily,Pischof,hpischof73@free.fr,Male,207.146.157.10,TRUE
257,Gretna,Lyard,glyard74@quantcast.com,Female,15.111.32.242,TRUE
258,Sean,Dedam,sdedam75@mashable.com,Female,216.203.17.209,TRUE
259,Goldi,Hanbury,ghanbury76@umn.edu,Female,100.238.188.180,TRUE
260,Yvonne,MacCallester,ymaccallester77@nhs.uk,Female,202.123.237.213,FALSE
261,Cathe,Emanuelov,cemanuelov78@hc360.com,Female,252.140.66.140,TRUE
262,Tucky,Gunther,tgunther79@privacy.gov.au,Male,67.139.104.197,FALSE
263,Duncan,Folke,dfolke7a@intel.com,Male,203.153.238.91,TRUE
264,Charissa,Greenless,cgreenless7b@usnews.com,Female,103.169.62.147,TRUE
265,Maurizio,Athey,mathey7c@bbc.co.uk,Male,21.26.1.190,TRUE
266,Erv,Hallgalley,ehallgalley7d@patch.com,Male,3.24.37.131,TRUE
267,Tull,Grunder,tgrunder7e@skyrock.com,Male,104.215.34.74,TRUE
268,Quinlan,Dimelow,qdimelow7f@flavors.me,Male,107.22.154.66,FALSE
269,Bibbie,Kobiera,bkobiera7g@flavors.me,Female,221.125.110.208,FALSE
270,Casar,Frantzen,cfrantzen7h@com.com,Male,217.26.226.1,FALSE
271,Fayina,Sweed,fsweed7i@ifeng.com,Female,251.140.235.190,FALSE
272,Jenda,Whates,jwhates7j@indiatimes.com,Female,229.72.179.102,FALSE
273,Arnold,Gregr,agregr7k@delicious.com,Male,2.154.193.100,FALSE
274,Christine,Boath,cboath7l@simplemachines.org,Female,121.14.149.30,TRUE
275,Blanch,Heddon,bheddon7m@shutterfly.com,Female,157.99.77.75,TRUE
276,Eli,Balam,ebalam7n@disqus.com,Male,137.174.87.253,FALSE
277,Bron,McSperron,bmcsperron7o@ucoz.ru,Male,193.99.150.233,TRUE
278,Tymothy,Dachs,tdachs7p@bloomberg.com,Male,176.94.204.95,FALSE
279,Rochelle,Mellem,rmellem7q@omniture.com,Female,179.249.174.102,FALSE
280,Trey,Blackey,tblackey7r@springer.com,Male,241.40.77.81,FALSE
281,Keefe,Skinner,kskinner7s@people.com.cn,Male,247.72.199.44,TRUE
282,Emelita,Archbell,earchbell7t@lulu.com,Female,24.170.170.148,FALSE
283,Brandi,Buck,bbuck7u@oaic.gov.au,Female,123.55.113.190,FALSE
284,Delinda,Johantges,djohantges7v@digg.com,Female,228.129.153.23,FALSE
285,Pietra,Segge,psegge7w@usda.gov,Female,73.40.142.252,TRUE
286,Burke,Stringfellow,bstringfellow7x@rakuten.co.jp,Male,73.83.15.147,FALSE
287,Lamond,McGilvray,lmcgilvray7y@wordpress.org,Male,64.33.57.239,FALSE
288,Emmalynne,Burree,eburree7z@mapy.cz,Female,231.74.23.156,TRUE
289,Aileen,Vivyan,avivyan80@springer.com,Female,236.203.30.122,TRUE
290,Rozelle,Sisey,rsisey81@devhub.com,Female,28.104.216.159,FALSE
291,Karleen,Kleeman,kkleeman82@skyrock.com,Female,17.214.185.47,TRUE
292,Georgia,Stienham,gstienham83@netlog.com,Female,123.127.18.48,TRUE
293,Tonnie,Avraam,tavraam84@squidoo.com,Male,212.242.54.14,FALSE
294,Sanson,Cake,scake85@last.fm,Male,161.155.167.43,FALSE
295,Derek,Boards,dboards86@usatoday.com,Male,7.123.21.172,FALSE
296,Mortie,O'Crevan,mocrevan87@infoseek.co.jp,Male,150.56.250.104,FALSE
297,Rosy,Kardos-Stowe,rkardosstowe88@hao123.com,Female,85.129.9.226,FALSE
298,Ricky,Simonini,rsimonini89@ask.com,Male,0.95.226.175,FALSE
299,Brittne,Brahmer,bbrahmer8a@si.edu,Female,18.222.191.128,TRUE
300,Veriee,Colchett,vcolchett8b@cyberchimps.com,Female,11.226.161.197,FALSE
301,Kingsly,Burkman,kburkman8c@zimbio.com,Male,215.229.164.160,TRUE
302,Ingamar,MacAllan,imacallan8d@army.mil,Male,127.182.150.171,TRUE
303,Kizzie,Lippett,klippett8e@e-recht24.de,Female,235.187.30.249,TRUE
304,Toiboid,Ing,ting8f@zdnet.com,Male,171.192.187.208,TRUE
305,Fanchon,Templeton,ftempleton8g@cpanel.net,Female,188.22.211.215,TRUE
306,Beaufort,Cullimore,bcullimore8h@vistaprint.com,Male,21.122.176.222,FALSE
307,Gwenette,Stokoe,gstokoe8i@chron.com,Female,239.159.165.20,TRUE
308,Guntar,Causey,gcausey8j@state.gov,Male,94.54.177.93,FALSE
309,Nadine,Lober,nlober8k@bbc.co.uk,Female,243.0.22.127,TRUE
310,Franky,Lathee,flathee8l@gmpg.org,Female,190.23.162.93,TRUE
311,Langston,Martino,lmartino8m@hubpages.com,Male,105.207.10.124,TRUE
312,Consalve,Jina,cjina8n@drupal.org,Male,101.145.196.96,TRUE
313,Mareah,Screwton,mscrewton8o@npr.org,Female,174.235.108.38,TRUE
314,Raye,Simone,rsimone8p@shutterfly.com,Female,64.98.138.99,FALSE
315,Valeda,Haggidon,vhaggidon8q@disqus.com,Female,10.239.114.210,TRUE
316,Man,Forward,mforward8r@tmall.com,Male,219.101.200.39,TRUE
317,Lonna,Hailes,lhailes8s@businessinsider.com,Female,199.230.39.56,FALSE
318,Ainslie,Dyter,adyter8t@furl.net,Female,95.80.91.176,FALSE
319,Dillie,Scaddon,dscaddon8u@ihg.com,Male,105.42.112.10,TRUE
320,Cassi,O' Shea,coshea8v@wufoo.com,Female,81.27.144.245,TRUE
321,Sherline,Hinzer,shinzer8w@tiny.cc,Female,83.89.122.77,TRUE
322,Georges,Eykelhof,geykelhof8x@google.co.uk,Male,219.245.17.143,FALSE
323,Hughie,Daubney,hdaubney8y@bing.com,Male,95.7.114.63,FALSE
324,Vivian,Kobisch,vkobisch8z@mapy.cz,Female,66.20.192.80,FALSE
325,Gale,Ends,gends90@disqus.com,Male,72.22.213.34,TRUE
326,Vidovik,Volette,vvolette91@yellowbook.com,Male,15.171.53.55,TRUE
327,Mikey,Faltin,mfaltin92@mayoclinic.com,Male,138.44.90.65,FALSE
328,Teodoro,Imesson,timesson93@washington.edu,Male,66.157.11.140,FALSE
329,Rees,Sievewright,rsievewright94@google.ca,Male,166.195.251.96,FALSE
330,Gael,Prigg,gprigg95@ehow.com,Female,124.146.112.121,FALSE
331,Sherman,Antonnikov,santonnikov96@phoca.cz,Male,250.67.222.238,FALSE
332,Clayborn,Sudddard,csudddard97@hatena.ne.jp,Male,141.167.15.124,FALSE
333,Brok,Costigan,bcostigan98@jiathis.com,Male,60.242.52.157,FALSE
334,Millicent,Lunk,mlunk99@nsw.gov.au,Female,76.57.55.51,FALSE
335,Manuel,Boldero,mboldero9a@redcross.org,Male,186.171.11.50,TRUE
336,Gilburt,Geistbeck,ggeistbeck9b@pagesperso-orange.fr,Male,122.43.215.87,FALSE
337,Lani,McGeoch,lmcgeoch9c@reuters.com,Female,188.79.42.231,FALSE
338,Chickie,Seven,cseven9d@geocities.com,Female,228.25.17.61,TRUE
339,Faun,Challenor,fchallenor9e@cbslocal.com,Female,107.90.251.100,TRUE
340,Ashli,Beaver,abeaver9f@comsenz.com,Female,101.251.21.16,TRUE
341,Garik,Gilliam,ggilliam9g@discuz.net,Male,21.72.49.241,TRUE
342,Jeniffer,Dickson,jdickson9h@chron.com,Female,241.249.4.109,FALSE
343,Tobey,Madison,tmadison9i@furl.net,Female,119.13.236.198,FALSE
344,Thoma,McKinnon,tmckinnon9j@jigsy.com,Male,183.91.190.32,FALSE
345,Noam,Helliwell,nhelliwell9k@dyndns.org,Male,94.197.168.180,FALSE
346,Gay,Macy,gmacy9l@businessweek.com,Male,179.248.89.173,TRUE
347,Hilton,Hanse,hhanse9m@simplemachines.org,Male,148.28.152.220,FALSE
348,Thornton,Nation,tnation9n@weibo.com,Male,219.235.241.196,FALSE
349,Skipton,Papes,spapes9o@mtv.com,Male,100.130.211.46,FALSE
350,Massimo,Casey,mcasey9p@blogs.com,Male,141.222.39.170,TRUE
351,Jerry,Brownhall,jbrownhall9q@squidoo.com,Female,157.242.99.175,TRUE
352,Osmund,MacMarcuis,omacmarcuis9r@indiatimes.com,Male,83.213.199.146,FALSE
353,Baudoin,Barnshaw,bbarnshaw9s@latimes.com,Male,46.80.95.219,FALSE
354,Alyosha,Tootell,atootell9t@wp.com,Male,164.88.129.177,TRUE
355,Yettie,Woodcock,ywoodcock9u@cafepress.com,Female,194.135.228.174,FALSE
356,Matthias,Matelyunas,mmatelyunas9v@google.fr,Male,148.49.187.192,FALSE
357,Latrina,Bromont,lbromont9w@google.com.hk,Female,48.213.26.16,FALSE
358,Joe,Curd,jcurd9x@hhs.gov,Male,110.66.117.9,TRUE
359,Cherey,De Benedictis,cdebenedictis9y@hugedomains.com,Female,214.244.145.217,TRUE
360,Rossie,Feilden,rfeilden9z@bloglines.com,Male,64.82.185.161,FALSE
361,Algernon,Dyble,adyblea0@pcworld.com,Male,190.242.234.160,TRUE
362,Riccardo,Riseam,rriseama1@blog.com,Male,205.234.74.140,FALSE
363,Ursola,Hansard,uhansarda2@europa.eu,Female,3.98.162.243,TRUE
364,Adham,Fforde,affordea3@lulu.com,Male,178.166.252.132,TRUE
365,Marcellus,Parman,mparmana4@goodreads.com,Male,197.11.97.86,TRUE
366,Lucretia,Foulcher,lfoulchera5@opera.com,Female,1.70.109.57,FALSE
367,Lauren,Abthorpe,labthorpea6@moonfruit.com,Male,227.176.135.28,TRUE
368,Shem,Rivilis,srivilisa7@ftc.gov,Male,231.15.113.94,FALSE
369,Damien,Drewet,ddreweta8@gov.uk,Male,226.92.160.41,FALSE
370,Maddie,Chadd,mchadda9@bandcamp.com,Male,241.183.185.29,FALSE
371,Gipsy,Garett,ggarettaa@google.fr,Female,232.112.235.65,TRUE
372,Francine,Skoughman,fskoughmanab@360.cn,Female,79.172.190.15,TRUE
373,Dione,Sentance,dsentanceac@phoca.cz,Female,231.28.108.229,TRUE
374,Cointon,Southgate,csouthgatead@loc.gov,Male,114.251.209.75,TRUE
375,Cart,Larsen,clarsenae@bigcartel.com,Male,215.245.50.82,TRUE
376,Rafferty,Gilvary,rgilvaryaf@wsj.com,Male,199.118.39.57,FALSE
377,Yanaton,Nuccitelli,ynuccitelliag@technorati.com,Male,70.140.87.238,TRUE
378,Lanna,Dils,ldilsah@sina.com.cn,Female,124.69.230.224,FALSE
379,Korry,Critcher,kcritcherai@vk.com,Female,115.233.219.187,FALSE
380,Dov,Holhouse,dholhouseaj@tuttocitta.it,Male,176.191.55.16,TRUE
381,Abel,McMenamie,amcmenamieak@dot.gov,Male,207.115.85.157,FALSE
382,Con,Matous,cmatousal@amazon.de,Female,44.109.151.239,FALSE
383,Adorne,Hallibone,ahalliboneam@bloglines.com,Female,36.251.149.216,TRUE
384,Clemmy,Lockhurst,clockhurstan@slate.com,Male,77.123.233.172,TRUE
385,Maje,Matyatin,mmatyatinao@ibm.com,Male,237.191.6.10,TRUE
386,Antonino,Danilevich,adanilevichap@nbcnews.com,Male,112.185.161.227,TRUE
387,Adey,Potteril,apotterilaq@chronoengine.com,Female,206.89.134.19,TRUE
388,Rees,Ormond,rormondar@i2i.jp,Male,114.41.66.108,FALSE
389,Gilberta,Danielis,gdanielisas@prweb.com,Female,239.249.54.62,FALSE
390,Adel,Hains,ahainsat@gnu.org,Female,174.151.64.99,FALSE
391,Osbert,Tritton,otrittonau@mediafire.com,Male,78.31.183.213,TRUE
392,Melinde,Bradnocke,mbradnockeav@homestead.com,Female,6.45.221.132,TRUE
393,Marshall,Lampen,mlampenaw@theguardian.com,Male,126.108.74.2,TRUE
394,Osbourne,Heino,oheinoax@yelp.com,Male,17.21.184.253,FALSE
395,Terry,Grandham,tgrandhamay@163.com,Female,157.189.35.53,TRUE
396,Dianna,Ellingworth,dellingworthaz@t-online.de,Female,240.100.108.60,FALSE
397,Calhoun,Hartwell,chartwellb0@com.com,Male,167.217.231.142,TRUE
398,Brockie,Moisey,bmoiseyb1@dot.gov,Male,5.131.109.122,TRUE
399,Mona,Walewicz,mwalewiczb2@sitemeter.com,Female,78.106.152.240,TRUE
400,Deeann,Savin,dsavinb3@fastcompany.com,Female,205.2.6.138,TRUE
401,Pernell,Maestrini,pmaestrinib4@indiatimes.com,Male,109.126.145.216,FALSE
402,Alaine,Canny,acannyb5@godaddy.com,Female,225.101.213.35,TRUE
403,Tori,Rose,troseb6@miitbeian.gov.cn,Female,223.25.251.231,FALSE
404,Claire,Mustarde,cmustardeb7@dagondesign.com,Male,211.80.236.83,FALSE
405,Brandais,Gergler,bgerglerb8@imgur.com,Female,171.97.231.91,TRUE
406,Eydie,Braunroth,ebraunrothb9@mit.edu,Female,44.189.7.76,FALSE
407,Hebert,Bockett,hbockettba@booking.com,Male,243.210.217.44,TRUE
408,Kimmy,Mattersey,kmatterseybb@pbs.org,Female,114.5.89.180,TRUE
409,Brittan,McGrory,bmcgrorybc@noaa.gov,Female,197.141.203.120,FALSE
410,Elliot,Clixby,eclixbybd@dell.com,Male,147.238.192.245,TRUE
411,Lind,Hurburt,lhurburtbe@elpais.com,Male,42.242.247.134,FALSE
412,Jeth,Oleszcuk,joleszcukbf@google.com.au,Male,205.180.170.244,TRUE
413,Jori,Januszewicz,jjanuszewiczbg@wired.com,Female,148.33.225.12,TRUE
414,Bertine,Wathey,bwatheybh@so-net.ne.jp,Female,36.64.187.119,FALSE
415,Ann-marie,Markl,amarklbi@ebay.co.uk,Female,72.205.73.219,TRUE
416,Jorgan,Arents,jarentsbj@gmpg.org,Male,189.254.234.128,TRUE
417,Linnet,MacAskie,lmacaskiebk@pinterest.com,Female,163.148.147.18,FALSE
418,Hurlee,Foale,hfoalebl@google.com.hk,Male,213.145.205.179,TRUE
419,Edmund,Ellum,eellumbm@moonfruit.com,Male,127.62.8.100,FALSE
420,Dodie,Fulker,dfulkerbn@tripadvisor.com,Female,93.196.117.166,FALSE
421,Fredra,Attewill,fattewillbo@hc360.com,Female,29.140.49.240,TRUE
422,Storm,Mangeon,smangeonbp@noaa.gov,Female,27.16.50.94,FALSE
423,Nedi,Pol,npolbq@youtu.be,Female,240.177.219.105,FALSE
424,Corri,Tomkowicz,ctomkowiczbr@ocn.ne.jp,Female,203.244.65.204,TRUE
425,Thain,Wastling,twastlingbs@arstechnica.com,Male,138.11.54.16,TRUE
426,Arielle,Skeat,askeatbt@list-manage.com,Female,58.169.158.78,FALSE
427,Winn,Quarles,wquarlesbu@statcounter.com,Male,218.20.40.24,TRUE
428,Celestyna,Kunzel,ckunzelbv@instagram.com,Female,216.249.88.210,TRUE
429,Jesse,Phinnessy,jphinnessybw@infoseek.co.jp,Male,99.154.161.218,TRUE
430,Turner,Primett,tprimettbx@weather.com,Male,125.31.177.79,TRUE
431,Dael,Batcock,dbatcockby@multiply.com,Male,229.16.116.135,FALSE
432,Melessa,Mazzey,mmazzeybz@wsj.com,Female,240.163.188.110,FALSE
433,Cordelia,Marchetti,cmarchettic0@networksolutions.com,Female,241.190.168.77,TRUE
434,Valentin,Tellesson,vtellessonc1@xing.com,Male,65.106.56.241,TRUE
435,La verne,Stoffer,lstofferc2@yellowbook.com,Female,114.22.13.250,TRUE
436,Antoinette,Aikin,aaikinc3@w3.org,Female,143.203.145.13,FALSE
437,Aylmar,Hartzenberg,ahartzenbergc4@nationalgeographic.com,Male,203.222.35.248,TRUE
438,Fredi,Gerhartz,fgerhartzc5@storify.com,Female,7.44.110.229,FALSE
439,Hernando,Carvilla,hcarvillac6@live.com,Male,250.200.45.221,FALSE
440,Bary,Hebditch,bhebditchc7@goo.gl,Male,189.223.97.16,FALSE
441,Seamus,Jenman,sjenmanc8@1688.com,Male,84.212.222.233,TRUE
442,Barbee,Meadway,bmeadwayc9@shop-pro.jp,Female,234.36.95.219,TRUE
443,Rosy,Rechert,rrechertca@nhs.uk,Female,34.185.75.102,TRUE
444,Pasquale,Hardacre,phardacrecb@scribd.com,Male,13.210.15.195,TRUE
445,Tracey,Torrese,ttorresecc@bandcamp.com,Male,119.148.150.73,TRUE
446,Giovanna,Beardow,gbeardowcd@soup.io,Female,143.91.89.127,FALSE
447,Patric,Bartosch,pbartoschce@sitemeter.com,Male,33.163.214.190,TRUE
448,Daisey,Jowsey,djowseycf@ucla.edu,Female,188.33.134.136,TRUE
449,Samson,Hudspith,shudspithcg@typepad.com,Male,23.119.84.63,FALSE
450,Lurleen,Del Dello,ldeldelloch@army.mil,Female,25.57.224.104,TRUE
451,Marline,Davie,mdavieci@nps.gov,Female,93.251.235.86,FALSE
452,Daven,Sandells,dsandellscj@twitpic.com,Male,52.237.201.63,TRUE
453,Andria,Burtwistle,aburtwistleck@oracle.com,Female,17.146.126.86,TRUE
454,Phineas,Chatainier,pchatainiercl@ibm.com,Male,30.72.144.19,TRUE
455,Bordy,Matthiae,bmatthiaecm@youtube.com,Male,199.238.239.238,TRUE
456,Emera,Kleinplatz,ekleinplatzcn@indiegogo.com,Female,124.60.224.151,FALSE
457,Grayce,Boobier,gboobierco@liveinternet.ru,Female,4.108.44.227,FALSE
458,Cele,Simester,csimestercp@deviantart.com,Female,241.164.50.255,TRUE
459,Augustina,Youle,ayoulecq@fotki.com,Female,118.61.79.171,TRUE
460,Lorelei,Eslie,lesliecr@nih.gov,Female,169.107.57.148,TRUE
461,Trish,de Banke,tdebankecs@cornell.edu,Female,41.83.42.222,FALSE
462,Selena,Latchford,slatchfordct@meetup.com,Female,10.155.74.226,TRUE
463,Anjela,Garthshore,agarthshorecu@oracle.com,Female,183.163.88.101,TRUE
464,Caresse,Drabble,cdrabblecv@barnesandnoble.com,Female,191.6.90.70,TRUE
465,Jarib,Greim,jgreimcw@purevolume.com,Male,156.157.33.200,FALSE
466,Lance,MacClinton,lmacclintoncx@walmart.com,Male,201.75.127.91,TRUE
467,Laurence,Versey,lverseycy@xing.com,Male,37.168.133.75,TRUE
468,Elizabeth,Rollings,erollingscz@dot.gov,Female,45.127.152.41,FALSE
469,Katharine,Follacaro,kfollacarod0@goo.gl,Female,37.105.57.134,TRUE
470,Marielle,Miquelet,mmiqueletd1@bigcartel.com,Female,139.128.135.154,FALSE
471,Elsey,Boribal,eboribald2@ezinearticles.com,Female,160.177.146.124,FALSE
472,Ernesta,Ingleton,eingletond3@amazon.co.jp,Female,94.169.241.174,TRUE
473,Celestina,Oxtaby,coxtabyd4@liveinternet.ru,Female,140.113.140.141,TRUE
474,Margy,Gomme,mgommed5@infoseek.co.jp,Female,34.53.106.252,FALSE
475,Jazmin,Harmer,jharmerd6@people.com.cn,Female,77.59.171.196,TRUE
476,Simmonds,Mervyn,smervynd7@google.de,Male,46.84.32.145,TRUE
477,Ranique,Barendtsen,rbarendtsend8@ftc.gov,Female,174.109.9.251,FALSE
478,Saudra,Gecks,sgecksd9@vk.com,Female,89.49.48.135,FALSE
479,Aguistin,Cheel,acheelda@clickbank.net,Male,34.201.223.71,FALSE
480,Kary,Jeandel,kjeandeldb@buzzfeed.com,Female,221.216.118.238,TRUE
481,Torrey,Isacke,tisackedc@ed.gov,Male,78.119.205.71,FALSE
482,Malanie,Brittin,mbrittindd@cam.ac.uk,Female,235.57.231.236,FALSE
483,Esteban,McGillivrie,emcgillivriede@wsj.com,Male,137.64.237.55,FALSE
484,Carolina,Cayley,ccayleydf@usgs.gov,Female,197.229.76.81,TRUE
485,Inge,Bathow,ibathowdg@weather.com,Female,206.255.255.33,FALSE
486,Sigismundo,Cridlin,scridlindh@globo.com,Male,47.179.242.147,TRUE
487,Tymon,Seamer,tseamerdi@example.com,Male,123.19.112.199,TRUE
488,Ginnifer,MacFadin,gmacfadindj@newsvine.com,Female,178.137.22.203,TRUE
489,Whittaker,Tryme,wtrymedk@google.de,Male,26.169.34.45,FALSE
490,Dacey,Bemment,dbemmentdl@imdb.com,Female,36.211.237.115,TRUE
491,Sheri,Kender,skenderdm@vimeo.com,Female,206.210.239.230,FALSE
492,Theodosia,Peniello,tpeniellodn@technorati.com,Female,241.231.48.43,TRUE
493,Lanny,MacDonagh,lmacdonaghdo@icio.us,Female,193.241.48.53,FALSE
494,Colly,Gulvin,cgulvindp@reference.com,Female,157.8.228.209,TRUE
495,Stephi,Speers,sspeersdq@themeforest.net,Female,125.48.172.177,FALSE
496,Albert,Volett,avolettdr@stanford.edu,Male,12.2.153.238,FALSE
497,Marius,Paprotny,mpaprotnyds@shop-pro.jp,Male,93.8.69.191,FALSE
498,Cyndia,Du Hamel,cduhameldt@cargocollective.com,Female,27.211.3.18,TRUE
499,Isac,Riditch,iriditchdu@seattletimes.com,Male,2.185.204.88,TRUE
500,Aubine,Farquarson,afarquarsondv@xing.com,Female,5.47.75.25,FALSE
501,Leia,Cassedy,lcassedydw@weather.com,Female,129.244.55.193,FALSE
502,Griff,Paddon,gpaddondx@jiathis.com,Male,93.69.205.167,TRUE
503,Gael,Comoletti,gcomolettidy@skype.com,Male,146.73.51.53,FALSE
504,Levi,Keiling,lkeilingdz@moonfruit.com,Male,188.18.75.96,FALSE
505,Der,MacAndrew,dmacandrewe0@seesaa.net,Male,146.20.150.37,TRUE
506,Fiorenze,McKerton,fmckertone1@howstuffworks.com,Female,237.124.155.185,TRUE
507,Deeann,Gabbett,dgabbette2@china.com.cn,Female,166.191.247.222,FALSE
508,Peggie,Wiltshier,pwiltshiere3@artisteer.com,Female,1.91.86.253,TRUE
509,Rheba,Madle,rmadlee4@amazon.co.uk,Female,42.178.37.154,FALSE
510,Griz,Crier,gcriere5@examiner.com,Male,104.200.175.60,TRUE
511,Midge,Hargrave,mhargravee6@ow.ly,Female,230.101.181.181,FALSE
512,Eleonore,Codd,ecodde7@alibaba.com,Female,166.218.129.70,TRUE
513,Lottie,Pheasey,lpheaseye8@angelfire.com,Female,105.224.87.73,TRUE
514,Karlyn,Rubee,krubeee9@furl.net,Female,226.61.168.49,FALSE
515,Humfried,Stork,hstorkea@bbb.org,Male,15.209.139.171,FALSE
516,Donica,Southwell,dsouthwelleb@japanpost.jp,Female,93.223.157.254,TRUE
517,Sunshine,Saville,ssavilleec@cafepress.com,Female,163.15.29.213,TRUE
518,Tate,Paulillo,tpaulilloed@statcounter.com,Male,97.85.139.9,TRUE
519,Elisha,De Bellis,edebellisee@webeden.co.uk,Male,131.130.95.166,TRUE
520,Allie,Lefort,alefortef@apache.org,Female,122.246.136.81,TRUE
521,Agneta,Pencost,apencosteg@dailymail.co.uk,Female,28.233.138.226,TRUE
522,Lory,Fellenor,lfellenoreh@mediafire.com,Female,55.175.247.12,TRUE
523,Constancia,McDowell,cmcdowellei@theguardian.com,Female,111.110.49.121,FALSE
524,Pietrek,Harwick,pharwickej@networksolutions.com,Male,169.86.200.56,FALSE
525,Romy,Chatt,rchattek@google.cn,Female,52.31.203.26,FALSE
526,Hi,Knok,hknokel@reference.com,Male,13.211.194.102,TRUE
527,Bastian,Frayn,bfraynem@deliciousdays.com,Male,78.235.122.240,TRUE
528,Junette,D'Oyley,jdoyleyen@rambler.ru,Female,135.75.218.180,FALSE
529,Dore,Crab,dcrabeo@hibu.com,Male,224.231.0.133,TRUE
530,Beryle,Pikett,bpikettep@google.cn,Female,44.38.38.122,FALSE
531,Kirsten,Marns,kmarnseq@opensource.org,Female,101.59.186.24,FALSE
532,Bryana,Tivnan,btivnaner@apple.com,Female,202.187.202.133,TRUE
533,Jereme,Kiln,jkilnes@cpanel.net,Male,234.149.104.216,FALSE
534,Heinrick,Clougher,hclougheret@fastcompany.com,Male,37.183.140.40,FALSE
535,Otto,Ducaen,oducaeneu@psu.edu,Male,77.253.150.222,TRUE
536,Dalston,Bandey,dbandeyev@wired.com,Male,124.72.143.36,TRUE
537,Lianna,Jorez,ljorezew@blogspot.com,Female,25.43.7.12,TRUE
538,Louis,Harbor,lharborex@wikimedia.org,Male,202.195.171.151,TRUE
539,Bald,Lequeux,blequeuxey@reference.com,Male,155.73.53.215,TRUE
540,Johannes,Bagot,jbagotez@reverbnation.com,Male,203.95.199.123,TRUE
541,Stearn,Griffey,sgriffeyf0@yolasite.com,Male,218.173.112.255,FALSE
542,Torr,Sallowaye,tsallowayef1@imageshack.us,Male,112.44.51.39,TRUE
543,Rosalinda,Bartrum,rbartrumf2@surveymonkey.com,Female,116.211.36.156,FALSE
544,Maitilde,Bourchier,mbourchierf3@sbwire.com,Female,35.47.61.73,TRUE
545,Blinnie,Graeber,bgraeberf4@wikimedia.org,Female,59.164.224.159,TRUE
546,Jareb,Murfett,jmurfettf5@domainmarket.com,Male,103.150.183.143,TRUE
547,Burton,Morriarty,bmorriartyf6@latimes.com,Male,81.212.220.89,TRUE
548,Gilberto,Marcum,gmarcumf7@dmoz.org,Male,238.213.212.56,TRUE
549,Beatrisa,Sandars,bsandarsf8@reference.com,Female,33.203.125.210,TRUE
550,Dorisa,Haglington,dhaglingtonf9@intel.com,Female,120.46.225.196,FALSE
551,Hubert,Domotor,hdomotorfa@guardian.co.uk,Male,4.88.210.6,FALSE
552,Crystal,Richfield,crichfieldfb@nsw.gov.au,Female,132.26.10.214,FALSE
553,Lilias,Maisey,lmaiseyfc@shinystat.com,Female,182.153.84.215,TRUE
554,Nikkie,Beviss,nbevissfd@sun.com,Female,180.84.153.117,TRUE
555,Armstrong,Gert,agertfe@walmart.com,Male,185.94.235.132,TRUE
556,Rosabelle,Mattaus,rmattausff@de.vu,Female,215.3.181.172,TRUE
557,Myrah,Cavil,mcavilfg@usatoday.com,Female,216.239.31.4,TRUE
558,Athena,Isakovitch,aisakovitchfh@blinklist.com,Female,245.166.38.47,FALSE
559,Cord,Daveran,cdaveranfi@a8.net,Male,245.121.21.15,TRUE
560,Analise,Ludewig,aludewigfj@sun.com,Female,152.111.9.225,TRUE
561,Alexia,Naptin,anaptinfk@usatoday.com,Female,151.79.241.27,TRUE
562,Trude,Poynton,tpoyntonfl@weather.com,Female,192.170.191.38,TRUE
563,Bernetta,Cawson,bcawsonfm@illinois.edu,Female,140.131.179.153,FALSE
564,Abraham,Scurfield,ascurfieldfn@mayoclinic.com,Male,133.167.212.62,FALSE
565,Barr,Littrell,blittrellfo@wikipedia.org,Male,166.74.154.154,TRUE
566,Sallyanne,Doogood,sdoogoodfp@lulu.com,Female,209.67.110.83,TRUE
567,Jobye,Keepin,jkeepinfq@msn.com,Female,4.216.132.150,FALSE
568,Rene,Plumridge,rplumridgefr@bigcartel.com,Female,119.31.18.118,TRUE
569,Wallis,Letham,wlethamfs@bandcamp.com,Female,142.25.27.207,TRUE
570,Lilla,Syde,lsydeft@nhs.uk,Female,94.132.170.84,FALSE
571,Neall,Everett,neverettfu@ted.com,Male,200.152.16.207,FALSE
572,Steffie,Digance,sdigancefv@about.me,Female,93.214.183.183,TRUE
573,Wang,Rodbourne,wrodbournefw@nasa.gov,Male,238.225.237.214,TRUE
574,Geri,Clell,gclellfx@bandcamp.com,Male,181.98.103.139,TRUE
575,Cobby,Pyrah,cpyrahfy@jimdo.com,Male,76.31.127.122,TRUE
576,Angel,Lukovic,alukovicfz@istockphoto.com,Male,91.202.38.78,TRUE
577,Julio,Fleckness,jflecknessg0@google.com,Male,246.145.24.5,FALSE
578,Andreas,Louisot,alouisotg1@illinois.edu,Male,185.161.45.69,TRUE
579,Sarine,Hilley,shilleyg2@digg.com,Female,80.175.52.30,TRUE
580,Aleta,Secker,aseckerg3@youtube.com,Female,150.226.162.84,TRUE
581,Edik,MacCartney,emaccartneyg4@jigsy.com,Male,248.200.53.44,TRUE
582,Irwin,Beardshall,ibeardshallg5@cnet.com,Male,11.136.42.20,FALSE
583,Dolli,Sparshutt,dsparshuttg6@icio.us,Female,106.158.154.195,FALSE
584,Mandel,Smitheman,msmithemang7@springer.com,Male,148.114.202.14,TRUE
585,Emmi,Pendlenton,ependlentong8@gmpg.org,Female,77.5.226.9,TRUE
586,Ketty,Stoll,kstollg9@miitbeian.gov.cn,Female,102.2.237.109,FALSE
587,Diane-marie,Hankard,dhankardga@auda.org.au,Female,178.111.123.118,TRUE
588,Raynard,Wollen,rwollengb@github.com,Male,41.220.6.163,FALSE
589,Holmes,Yerlett,hyerlettgc@g.co,Male,100.27.249.231,TRUE
590,Libbie,Heino,lheinogd@amazon.com,Female,90.159.224.135,FALSE
591,Enid,Ridge,eridgege@freewebs.com,Female,165.147.248.129,TRUE
592,Horatia,Bentsen,hbentsengf@webeden.co.uk,Female,225.38.60.234,TRUE
593,Jannelle,Bicker,jbickergg@alexa.com,Female,34.162.18.117,FALSE
594,Darsie,Quarrell,dquarrellgh@etsy.com,Female,103.131.48.29,TRUE
595,Fulton,McMakin,fmcmakingi@hao123.com,Male,221.184.91.46,TRUE
596,Muhammad,Leport,mleportgj@sbwire.com,Male,49.196.188.194,TRUE
597,Alexine,Cranton,acrantongk@deliciousdays.com,Female,194.10.106.10,FALSE
598,Kingston,Verey,kvereygl@mayoclinic.com,Male,144.222.168.167,FALSE
599,Brigitte,Gadsden,bgadsdengm@usda.gov,Female,91.197.102.94,FALSE
600,Hewe,MacFayden,hmacfaydengn@statcounter.com,Male,211.94.203.82,FALSE
601,Minnie,Betke,mbetkego@slideshare.net,Female,16.219.234.62,TRUE
602,Eadith,O'Dempsey,eodempseygp@amazonaws.com,Female,183.217.22.215,FALSE
603,Marina,Cowe,mcowegq@icq.com,Female,72.71.118.227,FALSE
604,Burlie,Pedrick,bpedrickgr@pagesperso-orange.fr,Male,106.128.78.189,FALSE
605,Ailey,Grisard,agrisardgs@kickstarter.com,Female,241.153.14.107,FALSE
606,Glynn,Rosengart,grosengartgt@samsung.com,Male,166.231.163.239,TRUE
607,Lacee,McRobbie,lmcrobbiegu@mapy.cz,Female,74.126.17.27,TRUE
608,Amble,Willatts,awillattsgv@pen.io,Male,132.160.82.89,FALSE
609,Selinda,Kleinmann,skleinmanngw@seesaa.net,Female,213.70.176.65,TRUE
610,Carma,Langdridge,clangdridgegx@themeforest.net,Female,105.60.23.149,TRUE
611,Christa,Simoneau,csimoneaugy@ed.gov,Female,136.211.216.158,TRUE
612,Salomone,Felderer,sfelderergz@bigcartel.com,Male,90.64.31.148,TRUE
613,Ulick,Melior,umeliorh0@blogspot.com,Male,253.147.154.46,FALSE
614,Enrique,Camerana,ecameranah1@utexas.edu,Male,248.115.12.181,FALSE
615,Georgianna,Venus,gvenush2@opensource.org,Female,108.47.139.48,TRUE
616,Jeramie,Rudkin,jrudkinh3@npr.org,Male,94.132.36.170,TRUE
617,Gianna,Alten,galtenh4@is.gd,Female,40.228.191.158,FALSE
618,Angele,Goricke,agorickeh5@answers.com,Female,232.208.37.151,FALSE
619,Svend,Falloon,sfalloonh6@salon.com,Male,114.187.197.231,FALSE
620,Roseline,Hakes,rhakesh7@mayoclinic.com,Female,220.97.152.79,FALSE
621,Jared,Slocumb,jslocumbh8@google.com.br,Male,161.71.182.71,FALSE
622,Johny,Rolingson,jrolingsonh9@bigcartel.com,Male,206.107.61.48,FALSE
623,Hewie,Pawlik,hpawlikha@un.org,Male,234.192.209.204,TRUE
624,Emmy,Collopy,ecollopyhb@hud.gov,Male,22.219.174.31,FALSE
625,Cindelyn,Alflatt,calflatthc@ovh.net,Female,116.36.59.195,FALSE
626,Joshia,Paolino,jpaolinohd@jigsy.com,Male,122.243.5.70,TRUE
627,Dominik,Barefoot,dbarefoothe@indiatimes.com,Male,248.155.215.179,FALSE
628,Bale,Antat,bantathf@prweb.com,Male,37.28.179.102,FALSE
629,Erin,Litton,elittonhg@github.com,Female,4.209.143.77,TRUE
630,Isahella,Warrender,iwarrenderhh@naver.com,Female,91.208.254.247,TRUE
631,Tades,Arons,taronshi@amazon.de,Male,213.48.79.133,FALSE
632,Winslow,Metherell,wmetherellhj@ask.com,Male,25.172.41.164,FALSE
633,Dilan,Oattes,doatteshk@moonfruit.com,Male,112.100.152.226,FALSE
634,Orv,Orable,oorablehl@infoseek.co.jp,Male,212.249.216.47,TRUE
635,Flynn,Oxnam,foxnamhm@cnn.com,Male,152.135.144.214,TRUE
636,Krystalle,Puttan,kputtanhn@ca.gov,Female,89.97.1.193,FALSE
637,Jorey,Evins,jevinsho@gov.uk,Female,63.255.58.197,FALSE
638,Trixi,Chappelow,tchappelowhp@chron.com,Female,34.145.185.43,FALSE
639,Fanchette,Petrishchev,fpetrishchevhq@webs.com,Female,89.118.158.138,FALSE
640,Lelia,Whitewood,lwhitewoodhr@angelfire.com,Female,21.198.37.91,TRUE
641,Son,Stadding,sstaddinghs@wordpress.com,Male,217.46.224.168,TRUE
642,Gaye,Borlease,gborleaseht@shareasale.com,Female,155.188.154.14,TRUE
643,Gerek,Bartolacci,gbartolaccihu@sbwire.com,Male,177.120.92.189,TRUE
644,Carie,Fritchly,cfritchlyhv@topsy.com,Female,165.234.68.145,FALSE
645,Doralia,Pury,dpuryhw@sogou.com,Female,172.114.11.67,TRUE
646,Callida,Valance,cvalancehx@example.com,Female,169.243.66.144,TRUE
647,Angelico,Mattioni,amattionihy@wordpress.com,Male,74.71.118.25,TRUE
648,Selma,Panter,spanterhz@biblegateway.com,Female,118.121.233.255,FALSE
649,Katharina,Loyley,kloyleyi0@hexun.com,Female,244.134.58.103,FALSE
650,Tandi,Labadini,tlabadinii1@topsy.com,Female,40.143.47.54,FALSE
651,Alameda,Pafford,apaffordi2@g.co,Female,47.62.224.212,FALSE
652,Royall,Dumbare,rdumbarei3@blogger.com,Male,31.7.160.85,FALSE
653,Oralie,Robrose,orobrosei4@cbc.ca,Female,3.74.37.163,TRUE
654,Sargent,Forbes,sforbesi5@simplemachines.org,Male,95.98.231.63,TRUE
655,Janeczka,Lovell,jlovelli6@nih.gov,Female,84.231.251.251,TRUE
656,Billy,Earry,bearryi7@clickbank.net,Male,92.131.68.155,FALSE
657,Darius,Gligori,dgligorii8@github.com,Male,104.138.28.42,TRUE
658,Lilly,Alsina,lalsinai9@who.int,Female,154.13.85.137,FALSE
659,Almeria,Villaret,avillaretia@t-online.de,Female,144.30.242.83,FALSE
660,Candis,Bilam,cbilamib@fda.gov,Female,6.21.164.184,TRUE
661,Noll,McCaskill,nmccaskillic@imdb.com,Male,107.54.150.24,FALSE
662,Joachim,Kynston,jkynstonid@fotki.com,Male,81.35.16.109,TRUE
663,Nevin,Vaughn,nvaughnie@whitehouse.gov,Male,183.0.129.247,FALSE
664,Sumner,Dowdell,sdowdellif@digg.com,Male,247.154.31.41,FALSE
665,Fraze,Kairns,fkairnsig@networkadvertising.org,Male,157.130.161.139,FALSE
666,Inessa,Gately,igatelyih@cnn.com,Female,156.223.38.192,FALSE
667,Rock,Stollenhof,rstollenhofii@ihg.com,Male,92.58.109.220,TRUE
668,Reynard,Perotti,rperottiij@xing.com,Male,136.58.112.195,TRUE
669,Orly,Belfit,obelfitik@sfgate.com,Female,95.37.84.157,FALSE
670,Sorcha,Maywood,smaywoodil@wix.com,Female,253.126.37.117,TRUE
671,Cacilie,Walling,cwallingim@ox.ac.uk,Female,180.42.244.132,TRUE
672,Eada,Lorkings,elorkingsin@elpais.com,Female,89.99.190.80,FALSE
673,Siward,Swainsbury,sswainsburyio@exblog.jp,Male,94.232.142.231,FALSE
674,Olwen,Bryning,obryningip@merriam-webster.com,Female,68.216.22.9,TRUE
675,Florenza,Abbiss,fabbissiq@mtv.com,Female,249.86.247.98,FALSE
676,Jesus,Flook,jflookir@jiathis.com,Male,247.19.79.11,TRUE
677,Anderson,Dominguez,adominguezis@walmart.com,Male,143.36.203.128,FALSE
678,Gipsy,Aylott,gaylottit@ow.ly,Female,138.26.218.255,FALSE
679,Ebba,Garahan,egarahaniu@51.la,Female,135.218.17.160,TRUE
680,Karlan,Kippins,kkippinsiv@amazon.co.jp,Male,208.159.115.55,FALSE
681,Ashley,Kilmary,akilmaryiw@pbs.org,Male,129.206.25.191,FALSE
682,Noland,Willavize,nwillavizeix@homestead.com,Male,144.255.6.94,TRUE
683,Joya,Seathwright,jseathwrightiy@china.com.cn,Female,92.148.195.100,FALSE
684,Fania,Fruin,ffruiniz@slideshare.net,Female,79.246.81.125,TRUE
685,Amery,Eldrid,aeldridj0@ihg.com,Male,33.182.159.104,FALSE
686,Bartholomew,Fishleigh,bfishleighj1@yahoo.co.jp,Male,56.189.40.25,TRUE
687,Davy,Croom,dcroomj2@dropbox.com,Male,164.116.154.101,TRUE
688,Ora,Mussington,omussingtonj3@behance.net,Female,254.114.17.104,FALSE
689,Sada,Matisoff,smatisoffj4@imdb.com,Female,141.225.125.190,TRUE
690,Zola,Kynd,zkyndj5@engadget.com,Female,236.244.180.138,FALSE
691,Sigismond,Ropartz,sropartzj6@amazon.de,Male,150.101.14.209,FALSE
692,Patten,Mordecai,pmordecaij7@multiply.com,Male,57.41.192.185,FALSE
693,Bentley,Whether,bwhetherj8@goo.gl,Male,78.172.104.164,TRUE
694,Emmy,Shwenn,eshwennj9@samsung.com,Female,91.223.241.12,FALSE
695,Deena,Merwede,dmerwedeja@jalbum.net,Female,113.87.176.25,FALSE
696,Rebe,Pelzer,rpelzerjb@typepad.com,Female,16.116.249.152,TRUE
697,Lenard,Pocknell,lpocknelljc@google.co.jp,Male,233.218.76.70,TRUE
698,Beckie,Sabin,bsabinjd@ca.gov,Female,92.156.53.102,TRUE
699,Sidnee,Reubbens,sreubbensje@rakuten.co.jp,Male,220.23.184.176,TRUE
700,Lauretta,Menichino,lmenichinojf@baidu.com,Female,58.235.148.191,TRUE
701,Tera,Ropkes,tropkesjg@people.com.cn,Female,6.173.103.108,FALSE
702,Rosco,Kesper,rkesperjh@un.org,Male,28.107.2.63,TRUE
703,Britta,Luney,bluneyji@issuu.com,Female,252.131.213.138,FALSE
704,Reinald,Ingles,ringlesjj@mayoclinic.com,Male,167.243.164.224,FALSE
705,Kissiah,Hunnybun,khunnybunjk@boston.com,Female,246.51.193.190,TRUE
706,Wallis,Adacot,wadacotjl@yolasite.com,Male,142.138.94.120,TRUE
707,Kristin,Grimsdyke,kgrimsdykejm@blinklist.com,Female,103.4.107.39,TRUE
708,Caddric,Sphinxe,csphinxejn@washington.edu,Male,235.121.157.117,TRUE
709,Marline,Benneton,mbennetonjo@nymag.com,Female,53.168.253.200,TRUE
710,Sunny,Plom,splomjp@irs.gov,Female,77.38.155.174,TRUE
711,Emmery,Swiers,eswiersjq@stumbleupon.com,Male,86.153.95.23,FALSE
712,Reginald,Mitchiner,rmitchinerjr@wikimedia.org,Male,33.127.147.3,TRUE
713,Padraig,Igglesden,pigglesdenjs@gnu.org,Male,34.242.88.231,FALSE
714,Armando,Gledstane,agledstanejt@huffingtonpost.com,Male,119.22.168.194,FALSE
715,Marti,Levy,mlevyju@deviantart.com,Female,218.69.133.189,FALSE
716,Sayer,Lukasen,slukasenjv@diigo.com,Male,164.160.87.128,TRUE
717,Channa,Isaq,cisaqjw@topsy.com,Female,158.172.13.126,FALSE
718,Haroun,Dodds,hdoddsjx@reference.com,Male,143.86.119.103,TRUE
719,Pierre,Egarr,pegarrjy@posterous.com,Male,193.97.93.39,TRUE
720,Barbee,Astlatt,bastlattjz@creativecommons.org,Female,131.78.45.224,FALSE
721,Gothart,Jakeman,gjakemank0@vk.com,Male,169.72.182.63,FALSE
722,Melessa,Courcey,mcourceyk1@delicious.com,Female,131.238.190.103,FALSE
723,Arley,Ebbs,aebbsk2@comsenz.com,Male,45.184.2.207,TRUE
724,Sandi,Shenfisch,sshenfischk3@sohu.com,Female,191.91.24.100,FALSE
725,Sammy,Gerrey,sgerreyk4@wikipedia.org,Male,33.233.12.130,TRUE
726,Otes,Fenning,ofenningk5@creativecommons.org,Male,112.117.108.25,FALSE
727,Dag,Rutherford,drutherfordk6@narod.ru,Male,227.216.55.125,TRUE
728,Jaclyn,Davidesco,jdavidescok7@1und1.de,Female,72.179.94.87,FALSE
729,Humfried,Ledstone,hledstonek8@instagram.com,Male,93.73.36.210,FALSE
730,Axe,Quest,aquestk9@sfgate.com,Male,188.211.62.24,TRUE
731,Venus,Suero,vsueroka@bloglovin.com,Female,175.54.16.157,TRUE
732,Valaria,Strathdee,vstrathdeekb@yahoo.com,Female,236.185.42.227,FALSE
733,Lucia,Jaskowicz,ljaskowiczkc@flickr.com,Female,218.160.246.212,FALSE
734,Hildegaard,Erbain,herbainkd@amazon.de,Female,179.68.59.97,FALSE
735,Linoel,Lutz,llutzke@opera.com,Male,181.8.234.215,TRUE
736,Correy,Ouldred,couldredkf@businessweek.com,Male,36.22.125.44,TRUE
737,Cordi,Ribeiro,cribeirokg@addtoany.com,Female,99.0.214.110,TRUE
738,Allard,Lube,alubekh@apple.com,Male,38.13.132.111,TRUE
739,Lynnet,Gawthrop,lgawthropki@ezinearticles.com,Female,108.55.239.55,FALSE
740,Rafaela,Antonovic,rantonovickj@boston.com,Female,207.243.249.215,TRUE
741,Melosa,Fuggles,mfuggleskk@trellian.com,Female,68.131.184.23,FALSE
742,Bianka,Willstrop,bwillstropkl@google.co.uk,Female,149.225.129.249,TRUE
743,Valentia,Martensen,vmartensenkm@nps.gov,Female,234.253.153.48,TRUE
744,Kenton,Rollinshaw,krollinshawkn@go.com,Male,164.225.134.156,FALSE
745,Aileen,Reynard,areynardko@etsy.com,Female,123.213.233.95,TRUE
746,Gary,Crossby,gcrossbykp@shareasale.com,Male,0.29.129.225,FALSE
747,Roxie,Surridge,rsurridgekq@reverbnation.com,Female,87.4.232.96,TRUE
748,Zaccaria,Hawthorn,zhawthornkr@reuters.com,Male,109.8.16.95,TRUE
749,Lenee,Detoile,ldetoileks@shinystat.com,Female,158.159.100.41,FALSE
750,Marguerite,Slay,mslaykt@google.fr,Female,105.20.44.6,FALSE
751,Zachery,Grinyakin,zgrinyakinku@altervista.org,Male,243.214.142.61,TRUE
752,Cheryl,Dilliston,cdillistonkv@europa.eu,Female,9.166.143.88,FALSE
753,Emmalyn,Shotton,eshottonkw@wikipedia.org,Female,42.111.129.103,TRUE
754,Isabelle,Pacht,ipachtkx@fema.gov,Female,15.101.82.26,TRUE
755,Marjie,Hardwidge,mhardwidgeky@umich.edu,Female,114.100.59.97,TRUE
756,Sutherland,Northley,snorthleykz@google.com,Male,109.150.42.88,TRUE
757,Raquela,McPake,rmcpakel0@pbs.org,Female,22.87.218.149,TRUE
758,Luca,Nagle,lnaglel1@pagesperso-orange.fr,Male,37.32.6.111,TRUE
759,Niel,Flintoffe,nflintoffel2@reuters.com,Male,123.148.83.245,TRUE
760,Jan,Naptin,jnaptinl3@cdbaby.com,Male,17.195.161.100,FALSE
761,Emmerich,Jose,ejosel4@java.com,Male,121.105.154.13,FALSE
762,Brita,MacManus,bmacmanusl5@google.nl,Female,125.148.185.12,TRUE
763,Jenn,Petrichat,jpetrichatl6@wordpress.org,Female,253.35.195.88,FALSE
764,Kizzie,Mibourne,kmibournel7@reverbnation.com,Female,153.70.255.191,TRUE
765,Paige,Michieli,pmichielil8@mayoclinic.com,Male,82.230.92.206,TRUE
766,Kassey,Crick,kcrickl9@mashable.com,Female,48.239.149.93,TRUE
767,Gnni,Kennifeck,gkennifeckla@sourceforge.net,Female,0.204.215.8,TRUE
768,Kassandra,Marzele,kmarzelelb@e-recht24.de,Female,143.42.3.179,FALSE
769,Christye,Garriock,cgarriocklc@upenn.edu,Female,97.48.150.7,FALSE
770,Lock,Sapshed,lsapshedld@live.com,Male,47.157.91.104,FALSE
771,Claudetta,Aldrich,caldrichle@berkeley.edu,Female,161.154.64.69,FALSE
772,Jeth,Blance,jblancelf@ameblo.jp,Male,237.63.229.51,FALSE
773,Stearn,Magnus,smagnuslg@so-net.ne.jp,Male,95.63.165.80,FALSE
774,Dominik,Wilder,dwilderlh@topsy.com,Male,225.235.156.112,TRUE
775,Sanderson,Moizer,smoizerli@wufoo.com,Male,255.88.43.114,FALSE
776,Gwenette,Tremblett,gtremblettlj@hostgator.com,Female,179.205.12.118,FALSE
777,Aurea,McIvor,amcivorlk@pinterest.com,Female,29.186.161.55,FALSE
778,Roxi,Ekell,rekellll@ed.gov,Female,221.145.69.168,FALSE
779,Cort,Haslock(e),chaslockelm@geocities.com,Male,41.161.221.171,FALSE
780,Lianne,Theobald,ltheobaldln@apache.org,Female,165.29.0.110,TRUE
781,Gray,Vedyasov,gvedyasovlo@netvibes.com,Male,197.50.7.142,FALSE
782,Ad,Howkins,ahowkinslp@tumblr.com,Male,57.33.161.52,TRUE
783,Atlante,Rosini,arosinilq@de.vu,Female,245.97.227.119,FALSE
784,Mireille,Whittleton,mwhittletonlr@free.fr,Female,110.87.197.2,TRUE
785,Dom,Siccombe,dsiccombels@networkadvertising.org,Male,230.9.149.175,TRUE
786,Mirabella,Marler,mmarlerlt@msu.edu,Female,227.8.118.231,FALSE
787,Jervis,Quimby,jquimbylu@hostgator.com,Male,85.205.110.230,TRUE
788,Hasheem,Ipgrave,hipgravelv@quantcast.com,Male,148.77.48.170,TRUE
789,Reiko,Connerly,rconnerlylw@blogtalkradio.com,Female,191.164.51.165,TRUE
790,Redford,Twinning,rtwinninglx@goodreads.com,Male,84.97.56.127,TRUE
791,Barbara,Hookes,bhookesly@jugem.jp,Female,83.193.154.67,FALSE
792,Juditha,Plaxton,jplaxtonlz@printfriendly.com,Female,35.206.202.151,FALSE
793,Betteann,Stroobant,bstroobantm0@sakura.ne.jp,Female,57.75.107.178,FALSE
794,Sarene,Robens,srobensm1@senate.gov,Female,98.93.101.130,TRUE
795,Izak,Worsnup,iworsnupm2@networksolutions.com,Male,146.48.244.95,TRUE
796,Chelsie,McIlvaney,cmcilvaneym3@hibu.com,Female,140.245.122.97,FALSE
797,Cornelia,McGuiney,cmcguineym4@jimdo.com,Female,174.223.103.206,TRUE
798,Ross,Cains,rcainsm5@bluehost.com,Male,203.81.246.81,TRUE
799,Teriann,Gillbe,tgillbem6@springer.com,Female,92.109.249.52,TRUE
800,Linda,Sellens,lsellensm7@tiny.cc,Female,21.30.84.55,TRUE
801,Gabriello,Gates,ggatesm8@joomla.org,Male,238.195.16.96,TRUE
802,Nettie,Rohmer,nrohmerm9@newyorker.com,Female,120.191.69.123,TRUE
803,Freddie,Welsh,fwelshma@wsj.com,Male,148.8.35.47,FALSE
804,Quillan,Hulke,qhulkemb@bluehost.com,Male,42.36.232.30,FALSE
805,Madison,Downie,mdowniemc@wikimedia.org,Male,57.133.221.117,TRUE
806,Elise,Staker,estakermd@opensource.org,Female,16.76.231.252,FALSE
807,Angelique,Callf,acallfme@free.fr,Female,36.44.130.223,FALSE
808,Philippe,Sims,psimsmf@goodreads.com,Female,16.59.249.77,TRUE
809,Kurt,Waulker,kwaulkermg@sitemeter.com,Male,128.136.29.219,TRUE
810,Forrest,Audiss,faudissmh@google.co.jp,Male,170.116.60.173,TRUE
811,Eadith,Colles,ecollesmi@chicagotribune.com,Female,227.66.204.150,FALSE
812,Jennica,Emmott,jemmottmj@elegantthemes.com,Female,211.86.193.78,TRUE
813,Wynn,Bertin,wbertinmk@ucla.edu,Male,111.137.203.206,FALSE
814,Dulcia,Sigge,dsiggeml@about.me,Female,41.225.150.148,TRUE
815,Elle,Aldersea,ealderseamm@bluehost.com,Female,204.137.0.124,FALSE
816,Vlad,Spary,vsparymn@newsvine.com,Male,102.192.47.236,TRUE
817,Farris,Corkish,fcorkishmo@microsoft.com,Male,1.115.100.36,FALSE
818,Idell,Pasquale,ipasqualemp@barnesandnoble.com,Female,2.157.209.237,TRUE
819,Conney,Feld,cfeldmq@ameblo.jp,Male,166.47.151.26,FALSE
820,Reiko,MacMenamin,rmacmenaminmr@liveinternet.ru,Female,242.120.24.126,TRUE
821,Annaliese,Edworthie,aedworthiems@nytimes.com,Female,45.82.234.60,FALSE
822,Rudolf,Alexsandrev,ralexsandrevmt@hubpages.com,Male,84.251.230.252,TRUE
823,Nancy,Cleatherow,ncleatherowmu@printfriendly.com,Female,83.167.162.190,FALSE
824,Raff,Hagstone,rhagstonemv@ebay.co.uk,Male,165.127.231.105,TRUE
825,Goran,Main,gmainmw@google.ru,Male,177.51.158.211,TRUE
826,Ewell,Coal,ecoalmx@usatoday.com,Male,162.7.147.216,FALSE
827,Mendel,Earles,mearlesmy@gizmodo.com,Male,39.7.180.151,FALSE
828,Geordie,Goodluck,ggoodluckmz@who.int,Male,82.208.252.150,FALSE
829,Beverley,Judge,bjudgen0@myspace.com,Female,94.0.132.205,TRUE
830,Conan,Ginie,cginien1@marriott.com,Male,174.22.11.149,TRUE
831,Alissa,Fagence,afagencen2@mysql.com,Female,103.108.166.79,FALSE
832,Patsy,Burnham,pburnhamn3@hud.gov,Male,240.41.196.155,FALSE
833,Gonzales,Trounce,gtrouncen4@weebly.com,Male,254.212.199.251,FALSE
834,Lorant,Eskrick,leskrickn5@indiegogo.com,Male,222.205.198.241,TRUE
835,Ania,Goare,agoaren6@mail.ru,Female,20.247.47.39,TRUE
836,William,Grief,wgriefn7@behance.net,Male,234.169.195.235,FALSE
837,Gweneth,Capelen,gcapelenn8@hubpages.com,Female,69.58.230.49,TRUE
838,Lesly,Lindstrom,llindstromn9@upenn.edu,Female,80.152.87.150,TRUE
839,Berke,Ughini,bughinina@yellowbook.com,Male,73.88.171.166,TRUE
840,Andres,Cattle,acattlenb@foxnews.com,Male,141.190.0.102,TRUE
841,Aldrich,Ogg,aoggnc@nyu.edu,Male,127.68.3.106,TRUE
842,Caryl,Trevett,ctrevettnd@google.com.au,Male,240.116.196.110,TRUE
843,Corrina,Livings,clivingsne@seesaa.net,Female,71.245.85.136,FALSE
844,Hildegarde,Ray,hraynf@sphinn.com,Female,225.65.124.77,FALSE
845,Shirline,Raftery,srafteryng@cnbc.com,Female,213.15.74.23,FALSE
846,Dave,Guidetti,dguidettinh@ask.com,Male,239.213.49.226,TRUE
847,Tana,Mochan,tmochanni@scribd.com,Female,237.119.222.252,FALSE
848,Morna,Colpus,mcolpusnj@cam.ac.uk,Female,249.11.201.30,FALSE
849,Margi,Brick,mbricknk@plala.or.jp,Female,161.173.121.222,FALSE
850,Chev,Binnell,cbinnellnl@cam.ac.uk,Male,79.122.59.86,FALSE
851,Neill,Harlick,nharlicknm@yahoo.com,Male,149.171.223.95,FALSE
852,Dory,Aspey,daspeynn@foxnews.com,Female,161.113.0.68,TRUE
853,Kathy,Werlock,kwerlockno@diigo.com,Female,171.122.19.214,TRUE
854,Jon,Tritten,jtrittennp@examiner.com,Male,12.200.42.185,TRUE
855,Jandy,Maggorini,jmaggorininq@eepurl.com,Female,125.244.205.198,TRUE
856,Donica,Schuricke,dschurickenr@intel.com,Female,237.33.75.155,FALSE
857,Amii,Birtwistle,abirtwistlens@com.com,Female,35.99.178.97,TRUE
858,Delano,Franklin,dfranklinnt@vistaprint.com,Male,136.148.210.61,FALSE
859,Benetta,Burnall,bburnallnu@studiopress.com,Female,236.85.195.59,TRUE
860,Robinette,Bern,rbernnv@studiopress.com,Female,22.12.132.176,FALSE
861,Sibeal,Rugge,sruggenw@netvibes.com,Female,176.159.129.249,TRUE
862,Talyah,Spanton,tspantonnx@nymag.com,Female,239.244.222.20,FALSE
863,Gibb,Erangy,gerangyny@51.la,Male,119.106.90.7,TRUE
864,Arleta,Lorait,aloraitnz@google.com,Female,105.156.240.143,FALSE
865,Jennine,Oles,joleso0@exblog.jp,Female,1.115.36.66,FALSE
866,Lorianne,Stretton,lstrettono1@biblegateway.com,Female,107.94.229.85,FALSE
867,Jeffry,Tofanini,jtofaninio2@geocities.jp,Male,181.13.11.210,TRUE
